cu_media_ppm,Ii,E_Ii,Var_Ii,Z_Ii,p_value,Tipo_cluster,Cluster_LISA
15.0,1.4140285076859689,-0.0015337423312883436,0.32937342815583553,1.9773950126832243,0.002,LL,LL
17.5,1.3746648694034989,-0.0015337423312883436,0.32937342815583553,2.0078906341449154,0.002,LL,LL
16.666666666666668,0.8236755396340416,-0.0015337423312883434,0.1639322759625387,1.6840571614256272,0.023,LL,LL
26.25,0.7544827131219168,-0.0015337423312883434,0.1639322759625387,1.8559313207048218,0.015,LL,LL
20.0,0.43431747184340974,-0.0015337423312883436,0.4948145803491324,0.5755691285045643,0.325,LL,No significativo
50.0,0.24876101425240688,-0.0015337423312883436,0.4948145803491324,0.7413573677479167,0.251,LL,No significativo
43.333333333333336,0.19437431953098702,-0.0015337423312883436,0.24665285205918713,0.6000391680257797,0.299,LL,No significativo
70.0,0.0312323625164321,-0.0015337423312883434,0.1639322759625387,1.0589411183781543,0.14,LL,No significativo
100.0,-0.2918698387931581,-0.0015337423312883432,0.14029782564921053,-1.383515959276136,0.071,HL,No significativo
20.0,0.18080742049855336,-0.0015337423312883432,0.14029782564921053,0.42780845392193334,0.342,LL,No significativo
60.0,0.07673742648963511,-0.0015337423312883436,0.1970205064011981,0.5685302369465606,0.314,LL,No significativo
41.0,0.16445645222815025,-0.0015337423312883436,0.32937342815583553,0.4235510055058253,0.379,LL,No significativo
70.0,0.03987563662912976,-0.0015337423312883436,0.4948145803491324,0.8171286408124865,0.22,LL,No significativo
75.0,-0.0024849642202300183,-0.0015337423312883436,0.991138036929023,-0.06978755420916392,0.48,HL,No significativo
40.0,0.848642752791161,-0.0015337423312883436,0.4948145803491324,1.7313224769561066,0.003,LL,LL
15.0,1.1521610582781614,-0.0015337423312883436,0.4948145803491324,1.3534113860703996,0.05,LL,No significativo
15.0,1.6832725049644193,-0.0015337423312883436,0.991138036929023,1.3334719885996142,0.009,LL,LL
10.0,1.6832725049644193,-0.0015337423312883436,0.991138036929023,1.2287542700976668,0.011,LL,LL
56.666666666666664,-0.16858621226128137,-0.0015337423312883434,0.1639322759625387,-1.1892640480528618,0.123,LH,No significativo
60.0,-0.10876195905667263,-0.0015337423312883436,0.12257198791421446,-1.0932776987148405,0.134,LH,No significativo
42.0,-0.23308135441788633,-0.0015337423312883432,0.14029782564921053,-0.9399819868525686,0.168,LH,No significativo
110.0,-0.12115809162240322,-0.0015337423312883434,0.1639322759625387,-0.36481764574897924,0.383,HL,No significativo
106.66666666666667,-0.23996436290677098,-0.0015337423312883436,0.1970205064011981,-0.7195851543686232,0.26,HL,No significativo
20.0,0.99279115393949,-0.0015337423312883436,0.24665285205918713,1.7376024885710855,0.013,LL,LL
150.0,0.7763498726046035,-0.0015337423312883436,0.1970205064011981,1.0932551796204693,0.129,HH,No significativo
200.0,0.08090177827921613,-0.0015337423312883436,0.12257198791421446,0.09950150778726918,0.438,HH,No significativo
68.0,-0.03615278549845355,-0.0015337423312883432,0.14029782564921053,-0.8698578809955317,0.182,LH,No significativo
56.666666666666664,-0.41785050069237234,-0.0015337423312883436,0.4948145803491324,-1.6491333450991066,0.065,LH,No significativo
50.0,0.14830218639889192,-0.0015337423312883436,0.32937342815583553,0.5232581411863328,0.329,LL,No significativo
50.0,0.1601208720287172,-0.0015337423312883436,0.24665285205918713,0.6349914361485219,0.282,LL,No significativo
60.0,0.05444638070644461,-0.0015337423312883436,0.32937342815583553,0.3364166158669975,0.412,LL,No significativo
65.0,0.025633868570029774,-0.0015337423312883436,0.4948145803491324,0.234516854927249,0.459,LL,No significativo
25.0,0.45966304956445825,-0.0015337423312883436,0.24665285205918713,0.889575955487469,0.184,LL,No significativo
50.0,0.13352882936161026,-0.0015337423312883434,0.1639322759625387,0.64663949839835,0.284,LL,No significativo
30.0,-0.4264988335821797,-0.0015337423312883436,0.32937342815583553,-0.7971462495615845,0.193,LH,No significativo
38.333333333333336,0.9308646221588873,-0.0015337423312883436,0.991138036929023,1.2384772876482515,0.031,LL,LL
66.66666666666667,-0.1119067151349633,-0.0015337423312883436,0.1970205064011981,-1.7869093733175618,0.055,LH,No significativo
95.0,0.24007922754440827,-0.0015337423312883432,0.14029782564921053,1.4349682031298008,0.08,HH,No significativo
60.0,-0.14133597588400565,-0.0015337423312883436,0.1970205064011981,-1.1471397673978265,0.12,LH,No significativo
50.0,-0.10863603919351,-0.0015337423312883436,0.1970205064011981,-0.5230914332816418,0.268,LH,No significativo
150.0,-0.7568451243648451,-0.0015337423312883436,0.24665285205918713,-0.9164090998700871,0.176,HL,No significativo
60.0,0.08404374802099954,-0.0015337423312883436,0.24665285205918713,0.5868371185579041,0.31,LL,No significativo
68.33333333333333,0.04513362092073125,-0.0015337423312883436,0.24665285205918713,0.8361227772000646,0.213,LL,No significativo
55.0,0.08755860211978203,-0.0015337423312883436,0.24665285205918713,0.44549240869418977,0.366,LL,No significativo
73.33333333333333,0.00032548047411559884,-0.0015337423312883436,0.32937342815583553,0.5099361347618802,0.328,LL,No significativo
55.0,0.2415718293613875,-0.0015337423312883436,0.1970205064011981,1.3580381450835377,0.056,LL,No significativo
85.0,-0.05373054257879975,-0.0015337423312883432,0.14029782564921053,-0.5761266268101667,0.299,HL,No significativo
150.0,-0.06574586436725278,-0.0015337423312883436,0.1970205064011981,-0.05621933276972689,0.481,HL,No significativo
15.0,0.2116512047712466,-0.0015337423312883436,0.4948145803491324,0.2747530903752569,0.446,LL,No significativo
35.0,-0.5395725797878896,-0.0015337423312883436,0.24665285205918713,-1.3296754479938093,0.101,LH,No significativo
70.0,-0.029997960529460667,-0.0015337423312883434,0.1639322759625387,-1.0728960723145293,0.139,LH,No significativo
70.0,0.005216963206926304,-0.0015337423312883434,0.1639322759625387,0.15933981051480595,0.476,LL,No significativo
70.0,-0.0024849642202300214,-0.0015337423312883436,0.24665285205918713,-0.07384465401422063,0.419,LH,No significativo
30.0,-0.2784994687202728,-0.0015337423312883436,0.24665285205918713,-0.6095269219032766,0.247,LH,No significativo
70.0,0.036024672915551594,-0.0015337423312883436,0.32937342815583553,0.882483554889631,0.194,LL,No significativo
75.0,-0.017159412418662225,-0.0015337423312883436,0.4948145803491324,-0.7427909869828656,0.228,HL,No significativo
30.0,0.3332312393756095,-0.0015337423312883436,0.1970205064011981,0.7833150253631271,0.229,LL,No significativo
32.5,0.3419243394192662,-0.0015337423312883436,0.24665285205918713,0.7852225241885753,0.226,LL,No significativo
100.0,0.03203444536032715,-0.0015337423312883436,0.1970205064011981,0.1601858000779209,0.388,HH,No significativo
92.5,-0.08565709049759028,-0.0015337423312883436,0.1970205064011981,-0.44302202796355095,0.367,HL,No significativo
218.0,-1.3600884807227651,-0.0015337423312883436,0.24665285205918713,-0.8799122431856863,0.193,HL,No significativo
62.5,-0.07862995751401303,-0.0015337423312883436,0.1970205064011981,-0.7978417418103405,0.189,LH,No significativo
80.0,-0.019586361351369107,-0.0015337423312883436,0.24665285205918713,-0.2734638687742406,0.439,HL,No significativo
65.0,0.0033826571821222798,-0.0015337423312883436,0.24665285205918713,0.03309987909988728,0.467,LL,No significativo
70.0,0.007142445063715385,-0.0015337423312883436,0.24665285205918713,0.19357646625182734,0.469,LL,No significativo
60.0,0.12717134039363673,-0.0015337423312883436,0.24665285205918713,0.8912515149797051,0.191,LL,No significativo
85.0,-0.017888819074542664,-0.0015337423312883436,0.991138036929023,-0.06873963772267849,0.474,HL,No significativo
70.0,0.0392338093435334,-0.0015337423312883436,0.32937342815583553,0.9604401196684039,0.165,LL,No significativo
50.0,0.4216092915886018,-0.0015337423312883436,0.32937342815583553,1.489306070940176,0.035,LL,LL
21.0,0.2822295395162897,-0.0015337423312883436,0.24665285205918713,0.5078127758864429,0.337,LL,No significativo
31.666666666666668,0.2753643145816865,-0.0015337423312883436,0.24665285205918713,0.621868262325914,0.286,LL,No significativo
43.333333333333336,-0.5249547492688733,-0.0015337423312883436,0.24665285205918713,-1.6524422597932875,0.06,LH,No significativo
70.0,-0.005565735191092547,-0.0015337423312883436,0.1970205064011981,-0.20483450003369452,0.368,LH,No significativo
50.0,-0.12352758308708986,-0.0015337423312883436,0.24665285205918713,-0.5019112403999023,0.279,LH,No significativo
60.0,0.08150683082260912,-0.0015337423312883436,0.32937342815583553,0.5147088782257677,0.319,LL,No significativo
70.0,-0.006335927933808179,-0.0015337423312883436,0.4948145803491324,-0.08718061953388571,0.414,LH,No significativo
38.75,0.43406503888516607,-0.0015337423312883436,0.32937342815583553,1.0431595505063849,0.144,LL,No significativo
22.0,0.9153472945547018,-0.0015337423312883436,0.32937342815583553,1.4797522142655732,0.038,LL,LL
93.33333333333333,-0.13656674175898384,-0.0015337423312883436,0.4948145803491324,-0.49541418643760743,0.345,HL,No significativo
73.33333333333333,0.00027145035145778357,-0.0015337423312883436,0.32937342815583553,0.4323332550736288,0.37,LL,No significativo
50.0,0.16603021484362984,-0.0015337423312883436,0.32937342815583553,0.598374912927873,0.295,LL,No significativo
50.0,0.19557692891819303,-0.0015337423312883436,0.24665285205918713,0.788761450278177,0.23,LL,No significativo
50.0,0.03602467291555159,-0.0015337423312883436,0.1970205064011981,0.13379340000169263,0.483,LL,No significativo
150.0,-0.8149206924318697,-0.0015337423312883436,0.24665285205918713,-0.9936374745461444,0.156,HL,No significativo
70.0,0.030890054630780713,-0.0015337423312883436,0.32937342815583553,0.7551023694199378,0.234,LL,No significativo
70.0,0.005216963206926306,-0.0015337423312883436,0.991138036929023,0.07162092835429984,0.385,LL,No significativo
17.5,0.8963024747661046,-0.0015337423312883436,0.4948145803491324,1.1080013573728358,0.109,LL,No significativo
50.0,0.37064120980998017,-0.0015337423312883436,0.24665285205918713,1.4806022814431528,0.037,LL,LL
50.0,0.4118588759439959,-0.0015337423312883436,0.24665285205918713,1.645362856377844,0.024,LL,LL
50.0,0.04666148998239434,-0.0015337423312883436,0.1970205064011981,0.17946969307416827,0.468,LL,No significativo
30.0,-0.30316602953059063,-0.0015337423312883436,0.24665285205918713,-0.6535705823633436,0.232,LH,No significativo
50.0,0.2088729502517465,-0.0015337423312883436,0.24665285205918713,0.8337012008319267,0.213,LL,No significativo
37.5,0.6129507906619616,-0.0015337423312883436,0.32937342815583553,1.4003673727558612,0.052,LL,No significativo
40.0,0.4911617709363732,-0.0015337423312883436,0.24665285205918713,1.3751215715912524,0.054,LL,No significativo
26.666666666666668,0.5677844810737029,-0.0015337423312883436,0.32937342815583553,1.001974249793892,0.157,LL,No significativo
85.0,0.2673358437593348,-0.0015337423312883436,0.4948145803491324,1.4892160097346934,0.089,HH,No significativo
98.0,0.4938305592207305,-0.0015337423312883436,0.4948145803491324,1.2933255887422235,0.111,HH,No significativo
85.0,0.061340253934867736,-0.0015337423312883436,0.4948145803491324,0.31289870698128736,0.332,HH,No significativo
70.0,-0.029441710215277153,-0.0015337423312883436,0.24665285205918713,-0.8150793840952822,0.197,LH,No significativo
125.0,0.36064828707290103,-0.0015337423312883436,0.24665285205918713,0.6645254637969834,0.234,HH,No significativo
100.0,-0.1741414821095575,-0.0015337423312883436,0.1970205064011981,-0.652354911775225,0.278,HL,No significativo
55.0,0.2373904747756425,-0.0015337423312883432,0.14029782564921053,1.6273589646421889,0.029,LL,LL
20.0,0.6488037410542232,-0.0015337423312883434,0.1639322759625387,1.4099432072109206,0.048,LL,LL
70.0,0.051428527769864237,-0.0015337423312883436,0.24665285205918713,1.4224127427035416,0.051,LL,No significativo
35.833333333333336,0.5702504837361051,-0.0015337423312883436,0.4948145803491324,1.051532833253679,0.126,LL,No significativo
50.0,0.19262225751073675,-0.0015337423312883436,0.32937342815583553,0.68990978849894,0.255,LL,No significativo
20.0,1.2072774231503034,-0.0015337423312883436,0.32937342815583553,1.865304641077312,0.006,LL,LL
150.0,1.2845110931910684,-0.0015337423312883436,0.24665285205918713,1.5784888256854333,0.068,HH,No significativo
100.0,0.14056932694427815,-0.0015337423312883436,0.991138036929023,0.2496452168366486,0.289,HH,No significativo
110.0,0.4015446799179484,-0.0015337423312883436,0.24665285205918713,1.030213690766014,0.155,HH,No significativo
125.0,0.43889762495106893,-0.0015337423312883434,0.1639322759625387,1.028480298080022,0.147,HH,No significativo
70.0,-0.0005594823634409368,-0.0015337423312883434,0.1639322759625387,-0.045354651463301345,0.447,LH,No significativo
15.0,0.3886883536666659,-0.0015337423312883434,0.1639322759625387,0.7651211661471975,0.238,LL,No significativo
30.0,0.44505298171571706,-0.0015337423312883434,0.1639322759625387,1.1885890919312765,0.1,LL,No significativo
60.0,0.13478209198880797,-0.0015337423312883436,0.24665285205918713,0.9440377704446302,0.169,LL,No significativo
30.0,0.07505456956094954,-0.0015337423312883436,0.24665285205918713,0.16442760311465632,0.482,LL,No significativo
100.0,-0.24525402069383762,-0.0015337423312883436,0.24665285205918713,-0.8615559911054149,0.198,HL,No significativo
40.0,0.18429756527341373,-0.0015337423312883436,0.24665285205918713,0.5190421834090656,0.335,LL,No significativo
42.5,0.6137111141241308,-0.0015337423312883436,0.1970205064011981,2.069779249076883,0.005,LL,LL
8.5,1.2632118921428221,-0.0015337423312883434,0.1639322759625387,2.275206110113611,0.004,LL,LL
20.0,1.0559229614807863,-0.0015337423312883436,0.1970205064011981,2.060819622131754,0.005,LL,LL
30.0,1.0436281907127631,-0.0015337423312883436,0.4948145803491324,1.6378994041473403,0.015,LL,LL
108.0,0.7145827985328723,-0.0015337423312883436,0.1970205064011981,2.208694984710713,0.028,HH,HH
150.0,1.5100378825180136,-0.0015337423312883436,0.24665285205918713,1.8509934549002842,0.052,HH,No significativo
70.0,-0.03560325215700222,-0.0015337423312883436,0.1970205064011981,-1.140487107808651,0.122,LH,No significativo
77.5,0.004888730211780108,-0.0015337423312883436,0.1970205064011981,0.15574413415200739,0.386,HH,No significativo
85.0,-0.07158852411425418,-0.0015337423312883436,0.24665285205918713,-0.5750713911175332,0.312,HL,No significativo
92.5,-0.14534971079736608,-0.0015337423312883436,0.32937342815583553,-0.636342664077354,0.285,HL,No significativo
10.0,0.9553230791653589,-0.0015337423312883436,0.24665285205918713,1.4092710335504155,0.049,LL,LL
70.0,0.08172277565001244,-0.0015337423312883434,0.1639322759625387,2.8242489885691406,0.001,LL,LL
21.0,1.040909559246603,-0.0015337423312883436,0.1970205064011981,2.0741511727278352,0.005,LL,LL
85.0,0.21055500810259067,-0.0015337423312883436,0.24665285205918713,1.6923196936438971,0.061,HH,No significativo
70.0,-0.0755187966802806,-0.0015337423312883432,0.14029782564921053,-2.847653675620946,0.01,LH,LH
138.88888888888889,1.1086472888758758,-0.0015337423312883436,0.1970205064011981,1.8255521205728333,0.058,HH,No significativo
75.0,-0.007376446953040751,-0.0015337423312883436,0.991138036929023,-0.20980525282615456,0.476,HL,No significativo
63.333333333333336,0.0497801698707313,-0.0015337423312883436,0.4948145803491324,0.36392385658431725,0.413,LL,No significativo
100.0,-0.06722050211049793,-0.0015337423312883436,0.32937342815583553,-0.2191706068055232,0.465,HL,No significativo
76.0,0.004096367552451983,-0.0015337423312883436,0.24665285205918713,0.14677843387632603,0.39,HH,No significativo
73.33333333333333,-0.00037961262656889045,-0.0015337423312883436,0.24665285205918713,-0.6623149130504921,0.233,LH,No significativo
20.0,0.67713211623301,-0.0015337423312883436,0.4948145803491324,0.883485541648104,0.176,LL,No significativo
150.0,0.6224496172269883,-0.0015337423312883436,0.24665285205918713,0.7575713210116404,0.212,HH,No significativo
125.0,0.7377666237912933,-0.0015337423312883434,0.1639322759625387,1.701779176198198,0.059,HH,No significativo
100.0,0.379292269709474,-0.0015337423312883436,0.24665285205918713,1.321176424381257,0.108,HH,No significativo
50.0,0.05966204417520217,-0.0015337423312883436,0.32937342815583553,0.22845009841197814,0.463,LL,No significativo
70.0,0.031403516459257805,-0.0015337423312883436,0.4948145803491324,0.6532695714148872,0.286,LL,No significativo
56.0,-0.05229651592122913,-0.0015337423312883436,0.32937342815583553,-0.22422743114293203,0.363,LH,No significativo
54.0,0.121397497812978,-0.0015337423312883436,0.32937342815583553,0.5297837470960512,0.321,LL,No significativo
95.0,0.11866512318716901,-0.0015337423312883436,0.24665285205918713,0.5094681631839172,0.273,HH,No significativo
100.0,0.24143817599999465,-0.0015337423312883436,0.24665285205918713,0.8428388583792265,0.186,HH,No significativo
112.5,0.6290949305474893,-0.0015337423312883436,0.4948145803491324,1.0363925538207583,0.141,HH,No significativo
30.0,1.0534948150368901,-0.0015337423312883436,0.991138036929023,1.155145047175902,0.062,LL,No significativo
20.0,1.0534948150368901,-0.0015337423312883436,0.991138036929023,0.9405945780854967,0.111,LL,No significativo
85.0,0.2726177819599621,-0.0015337423312883436,0.32937342815583553,1.8842501039072743,0.054,HH,No significativo
106.66666666666667,-0.2026278953971183,-0.0015337423312883436,0.4948145803491324,-0.4403541151033218,0.361,HL,No significativo
70.0,0.0069285026351832615,-0.0015337423312883436,0.32937342815583553,0.18458871432881066,0.487,LL,No significativo
70.0,0.03453930119745716,-0.0015337423312883436,0.24665285205918713,0.9484402446402758,0.173,LL,No significativo
52.857142857142854,0.18288826635161995,-0.0015337423312883436,0.1970205064011981,0.9069551468419584,0.181,LL,No significativo
50.0,0.2837105560434617,-0.0015337423312883436,0.24665285205918713,1.1293667371111875,0.105,LL,No significativo
92.5,0.25308404120356465,-0.0015337423312883436,0.32937342815583553,1.0541506612498042,0.14,HH,No significativo
112.5,0.45564699720307467,-0.0015337423312883436,0.1970205064011981,1.2436150496674365,0.107,HH,No significativo
105.0,0.31076271576780357,-0.0015337423312883436,0.24665285205918713,0.9057318564943483,0.177,HH,No significativo
21.666666666666668,1.270542494824375,-0.0015337423312883436,0.4948145803491324,1.6678531584521965,0.008,LL,LL
50.0,-0.4670081342038874,-0.0015337423312883436,0.24665285205918713,-1.8453862729899329,0.052,LH,No significativo
75.0,-0.017229290743416666,-0.0015337423312883436,0.1970205064011981,-1.0934764707596654,0.128,HL,No significativo
20.0,0.37873439168211687,-0.0015337423312883432,0.14029782564921053,0.8915281270725007,0.186,LL,No significativo
60.0,0.13224517479041756,-0.0015337423312883436,0.32937342815583553,0.8143501336782315,0.21,LL,No significativo
85.0,0.08444873356261244,-0.0015337423312883436,0.24665285205918713,0.6720974980374153,0.232,HH,No significativo
70.0,-0.0204561282169281,-0.0015337423312883436,0.32937342815583553,-0.4756243514858082,0.275,LH,No significativo
20.0,1.2727024801108344,-0.0015337423312883436,0.32937342815583553,1.950225840442814,0.002,LL,LL
18.75,1.2921474130129704,-0.0015337423312883436,0.32937342815583553,1.934978797960892,0.002,LL,LL
100.0,0.493610298639286,-0.0015337423312883436,0.32937342815583553,1.4900534551862972,0.082,HH,No significativo
100.0,0.3599590736404616,-0.0015337423312883436,0.24665285205918713,1.2559496596251247,0.121,HH,No significativo
175.0,3.794934254338357,-0.0015337423312883436,0.1970205064011981,3.9629152172371227,0.001,HH,HH
117.5,0.8349124310678884,-0.0015337423312883434,0.1639322759625387,2.235682452365206,0.024,HH,HH
70.0,-0.06121216085229699,-0.0015337423312883436,0.24665285205918713,-1.6785349450704175,0.065,LH,No significativo
50.0,0.1858265132735872,-0.0015337423312883436,0.24665285205918713,0.7511426456195567,0.252,LL,No significativo
56.666666666666664,0.15199301157178943,-0.0015337423312883436,0.1970205064011981,0.9350666333843455,0.176,LL,No significativo
50.0,0.2257145772742475,-0.0015337423312883436,0.24665285205918713,0.9105412061455018,0.191,LL,No significativo
55.0,0.11822186908191161,-0.0015337423312883436,0.24665285205918713,0.6094448778001758,0.297,LL,No significativo
62.0,0.06285593062284023,-0.0015337423312883436,0.24665285205918713,0.5241788425001602,0.332,LL,No significativo
70.0,-0.006335927933808179,-0.0015337423312883436,0.4948145803491324,-0.09231872082827004,0.396,LH,No significativo
22.5,1.0403248348088852,-0.0015337423312883436,0.24665285205918713,1.923694861894033,0.006,LL,LL
30.0,1.0534948150368901,-0.0015337423312883436,0.991138036929023,1.153337919177686,0.062,LL,No significativo
117.5,0.7011548342650814,-0.0015337423312883436,0.32937342815583553,1.2795919950004477,0.113,HH,No significativo
125.0,0.33130478536858815,-0.0015337423312883436,0.1970205064011981,0.6989618243251641,0.222,HH,No significativo
70.0,-0.012112373504175428,-0.0015337423312883436,0.24665285205918713,-0.3244944127424243,0.323,LH,No significativo
50.0,-0.7351445644305487,-0.0015337423312883436,0.24665285205918713,-2.935272739412945,0.01,LH,LH
300.0,5.525837230503391,-0.0015337423312883436,0.1970205064011981,2.6104718103036118,0.016,HH,HH
160.0,3.238483128759996,-0.0015337423312883432,0.14029782564921053,4.6544184790947325,0.001,HH,HH
150.0,1.2503916969516913,-0.0015337423312883436,0.12257198791421446,2.1781770304083876,0.026,HH,HH
85.0,0.1487437551119157,-0.0015337423312883432,0.14029782564921053,1.5933163123356635,0.07,HH,No significativo
100.0,0.11535211468034902,-0.0015337423312883436,0.24665285205918713,0.39130849669643636,0.308,HH,No significativo
72.0,0.007392378296814733,-0.0015337423312883436,0.24665285205918713,0.5096687498404228,0.333,LL,No significativo
70.0,0.0458831400223117,-0.0015337423312883436,0.1970205064011981,1.3995022362462208,0.052,LL,No significativo
45.0,0.2687455782552604,-0.0015337423312883432,0.14029782564921053,1.1814894350349043,0.097,LL,No significativo
75.0,-0.01844342663602504,-0.0015337423312883436,0.24665285205918713,-1.0764787508850928,0.133,HL,No significativo
55.0,0.3907068095862905,-0.0015337423312883436,0.32937342815583553,1.749944949572168,0.011,LL,LL
20.0,0.9017356622933901,-0.0015337423312883436,0.24665285205918713,1.5879514487316133,0.022,LL,LL
50.0,-0.08807152619761399,-0.0015337423312883434,0.1639322759625387,-0.44462660573036156,0.303,LH,No significativo
150.0,2.3908506648678864,-0.0015337423312883436,0.1970205064011981,3.290268015623721,0.005,HH,HH
100.0,1.1855706031615014,-0.0015337423312883436,0.1970205064011981,4.656125979801968,0.001,HH,HH
96.66666666666667,0.419432185056141,-0.0015337423312883436,0.1970205064011981,1.8923155528779587,0.057,HH,No significativo
70.0,-0.050835953068489155,-0.0015337423312883434,0.1639322759625387,-1.7490391825857259,0.057,LH,No significativo
106.66666666666667,0.23254376983363068,-0.0015337423312883436,0.24665285205918713,0.6383575597271185,0.241,HH,No significativo
90.0,-0.043221520725652864,-0.0015337423312883436,0.4948145803491324,-0.21358657360627015,0.487,HL,No significativo
20.0,0.44038783795314973,-0.0015337423312883436,0.24665285205918713,0.7829420402449889,0.238,LL,No significativo
36.0,0.2762170305179854,-0.0015337423312883432,0.14029782564921053,0.9210186000639679,0.177,LL,No significativo
50.0,0.1796217033179289,-0.0015337423312883436,0.24665285205918713,0.7267740323155024,0.262,LL,No significativo
37.5,0.40212383609447255,-0.0015337423312883436,0.24665285205918713,1.0542764398455182,0.143,LL,No significativo
90.0,0.012189483978202187,-0.0015337423312883436,0.4948145803491324,0.0052154672347741226,0.432,HH,No significativo
100.0,-0.04603804380879745,-0.0015337423312883436,0.24665285205918713,-0.17135135211861177,0.489,HL,No significativo
75.0,-0.002974112493511091,-0.0015337423312883436,0.1970205064011981,-0.1802785361210006,0.48,HL,No significativo
70.0,0.004789078349862063,-0.0015337423312883434,0.1639322759625387,0.16078288403311838,0.476,LL,No significativo
100.0,0.08811752543530556,-0.0015337423312883436,0.1970205064011981,0.3580990936325974,0.319,HH,No significativo
100.0,0.8332020904601983,-0.0015337423312883436,0.32937342815583553,2.502332857166074,0.023,HH,HH
63.333333333333336,-0.18265673854594167,-0.0015337423312883436,0.32937342815583553,-1.4403463245584682,0.086,LH,No significativo
70.0,0.06548454532442452,-0.0015337423312883436,0.24665285205918713,1.8016490017292306,0.006,LL,LL
70.0,0.0599006479397362,-0.0015337423312883436,0.32937342815583553,1.4535736890243027,0.038,LL,LL
70.0,0.01773259527605533,-0.0015337423312883436,0.24665285205918713,0.4959869788638569,0.337,LL,No significativo
50.0,0.27668265905286915,-0.0015337423312883436,0.24665285205918713,1.1080238258097592,0.119,LL,No significativo
50.0,-0.22989575375551752,-0.0015337423312883436,0.4948145803491324,-0.6034440401167425,0.236,LH,No significativo
63.333333333333336,-0.006106299912512482,-0.0015337423312883434,0.1639322759625387,-0.07435276295616994,0.437,LH,No significativo
63.333333333333336,-0.0030216570998009757,-0.0015337423312883432,0.14029782564921053,-0.03291800477618332,0.449,LH,No significativo
70.0,-0.00376861879142274,-0.0015337423312883436,0.24665285205918713,-0.09264923111047656,0.408,LH,No significativo
250.0,6.154147475611078,-0.0015337423312883436,0.32937342815583553,2.8269458048413534,0.015,HH,HH
150.0,2.762534300496844,-0.0015337423312883436,0.1970205064011981,3.813720489305805,0.002,HH,HH
100.0,0.3927414495835695,-0.0015337423312883436,0.24665285205918713,1.3631196496944504,0.105,HH,No significativo
50.0,0.31524112092017414,-0.0015337423312883436,0.4948145803491324,0.933533860433838,0.155,LL,No significativo
17.5,0.2555439904363107,-0.0015337423312883436,0.32937342815583553,0.3965073426462014,0.389,LL,No significativo
100.0,-0.08134214097829826,-0.0015337423312883436,0.32937342815583553,-0.2682982082983317,0.441,HL,No significativo
60.0,0.008443615508964926,-0.0015337423312883436,0.1970205064011981,0.05088394676181143,0.475,LL,No significativo
22.0,0.6634509985280985,-0.0015337423312883436,0.32937342815583553,1.072264843644124,0.131,LL,No significativo
70.0,0.012063120919954144,-0.0015337423312883436,0.32937342815583553,0.3115186269948236,0.429,LL,No significativo
70.0,0.010351581491697187,-0.0015337423312883436,0.24665285205918713,0.29061983320892193,0.434,LL,No significativo
200.0,6.331427760058456,-0.0015337423312883436,0.32937342815583553,4.054293173453521,0.002,HH,HH
150.0,0.9970370312592967,-0.0015337423312883436,0.1970205064011981,1.3870878464758336,0.094,HH,No significativo
60.0,-0.16203722022287154,-0.0015337423312883436,0.1970205064011981,-1.2739209945557153,0.105,LH,No significativo
70.0,0.0021361922360637765,-0.0015337423312883436,0.1970205064011981,0.05646923774522608,0.478,LL,No significativo
70.0,0.051941989598341336,-0.0015337423312883434,0.1639322759625387,1.7793194043148621,0.016,LL,LL
15.0,1.0370869114961387,-0.0015337423312883436,0.32937342815583553,1.4769702894297547,0.037,LL,LL
233.33333333333334,6.48273103364203,-0.0015337423312883436,0.24665285205918713,3.787431949696005,0.002,HH,HH
200.0,6.01150320564877,-0.0015337423312883436,0.32937342815583553,3.854196310638903,0.002,HH,HH
150.0,4.4118804336003405,-0.0015337423312883436,0.991138036929023,2.7102888593998156,0.034,HH,HH
150.0,0.46274180504267076,-0.0015337423312883436,0.32937342815583553,0.4736537151835902,0.272,HH,No significativo
50.0,-0.3096718817568383,-0.0015337423312883436,0.24665285205918713,-1.215944221352886,0.123,LH,No significativo
50.0,0.19557692891819306,-0.0015337423312883436,0.4948145803491324,0.5997242520783393,0.315,LL,No significativo
100.0,0.0800480175108482,-0.0015337423312883436,0.32937342815583553,0.22682035047167612,0.373,HH,No significativo
70.0,-0.009159967990432168,-0.0015337423312883436,0.1970205064011981,-0.2887337719102834,0.35,LH,No significativo
60.0,0.036687960317711626,-0.0015337423312883434,0.1639322759625387,0.3183866974281476,0.409,LL,No significativo
11.0,1.0182826129917144,-0.0015337423312883436,0.32937342815583553,1.351710204621603,0.057,LL,No significativo
150.0,3.7222330628044245,-0.0015337423312883436,0.24665285205918713,4.520931007302414,0.001,HH,HH
150.0,3.2711103465695017,-0.0015337423312883432,0.14029782564921053,5.248093422428617,0.001,HH,HH
150.0,3.4439542991499326,-0.0015337423312883434,0.1639322759625387,5.203881227736976,0.001,HH,HH
70.0,-0.040994601356011635,-0.0015337423312883436,0.991138036929023,-0.5489015283224233,0.25,LH,No significativo
100.0,-0.007371651670772777,-0.0015337423312883434,0.1639322759625387,-0.0306341020433454,0.476,HL,No significativo
66.66666666666667,0.021813296800446604,-0.0015337423312883434,0.1639322759625387,0.37770200946057914,0.387,LL,No significativo
27.5,0.4480879849475018,-0.0015337423312883436,0.24665285205918713,0.9169508640043967,0.181,LL,No significativo
137.5,2.0153460978231754,-0.0015337423312883436,0.24665285205918713,2.931056504610887,0.009,HH,HH
200.0,3.0442029634989334,-0.0015337423312883434,0.1639322759625387,2.7892921144146903,0.008,HH,HH
100.0,0.9676938892011538,-0.0015337423312883436,0.1970205064011981,3.785519706985083,0.001,HH,HH
150.0,1.7456838996142134,-0.0015337423312883436,0.24665285205918713,2.1211312430016966,0.031,HH,HH
127.27272727272727,1.1968825278606872,-0.0015337423312883436,0.32937342815583553,1.7798868699463788,0.054,HH,No significativo
100.0,0.6284077605591981,-0.0015337423312883436,0.4948145803491324,1.509165532743,0.073,HH,No significativo
123.33333333333333,0.6045660326005742,-0.0015337423312883436,0.991138036929023,0.555036148338639,0.247,HH,No significativo
150.0,4.4118804336003405,-0.0015337423312883436,0.991138036929023,2.6964452216034225,0.034,HH,HH
150.0,2.6696133915896043,-0.0015337423312883436,0.991138036929023,1.6267364724197895,0.107,HH,No significativo
70.0,0.008426099634908105,-0.0015337423312883436,0.24665285205918713,0.2410375382255545,0.454,LL,No significativo
70.0,0.03110399705931283,-0.0015337423312883434,0.1639322759625387,1.0555431230951249,0.146,LL,No significativo
70.0,-0.10646098448684037,-0.0015337423312883436,0.32937342815583553,-2.5135723140882833,0.022,LH,LH
116.66666666666667,1.080050987353054,-0.0015337423312883436,0.1970205064011981,2.5973009240319858,0.017,HH,HH
200.0,5.851540928443928,-0.0015337423312883436,0.4948145803491324,3.0282080279860186,0.013,HH,HH
150.0,3.047104584025264,-0.0015337423312883436,0.24665285205918713,3.7154355949823086,0.005,HH,HH
35.0,0.3501161344120437,-0.0015337423312883436,0.32937342815583553,0.7608948561525652,0.237,LL,No significativo
20.0,0.5071618651602898,-0.0015337423312883436,0.4948145803491324,0.6692128089334293,0.28,LL,No significativo
90.0,0.11923347033792217,-0.0015337423312883436,0.4948145803491324,0.43873927638055576,0.285,HH,No significativo
114.0,0.8097177459936689,-0.0015337423312883436,0.32937342815583553,1.5982152418504312,0.073,HH,No significativo
150.0,1.4616415757954933,-0.0015337423312883436,0.4948145803491324,1.2300125059592029,0.115,HH,No significativo
200.0,7.771088254902044,-0.0015337423312883436,0.32937342815583553,4.982648992151172,0.001,HH,HH
200.0,4.1959313593738035,-0.0015337423312883436,0.24665285205918713,3.117425584350364,0.008,HH,HH
110.0,1.6366034409911692,-0.0015337423312883436,0.1970205064011981,4.669398568994,0.001,HH,HH
183.33333333333334,3.039362134006114,-0.0015337423312883434,0.1639322759625387,3.2051535478612676,0.006,HH,HH
150.0,2.708330436967621,-0.0015337423312883436,0.32937342815583553,2.834632171814484,0.015,HH,HH
62.0,0.015690419191092188,-0.0015337423312883436,0.24665285205918713,0.14268845024780308,0.494,LL,No significativo
70.0,-0.001678095632623167,-0.0015337423312883436,0.32937342815583553,-0.015645899260102094,0.435,LH,No significativo
72.5,-0.010733946639296672,-0.0015337423312883436,0.991138036929023,-0.5497040210773306,0.198,LH,No significativo
108.33333333333333,0.5024743128616548,-0.0015337423312883436,0.32937342815583553,1.1371717344260368,0.121,HH,No significativo
85.0,0.17402160221491808,-0.0015337423312883436,0.32937342815583553,1.1851788214309689,0.114,HH,No significativo
225.0,8.730861918131103,-0.0015337423312883436,0.991138036929023,2.6959490059445526,0.012,HH,HH
125.0,2.0019281490674725,-0.0015337423312883436,0.1970205064011981,4.043417585299424,0.001,HH,HH
200.0,2.8602463447133637,-0.0015337423312883434,0.1639322759625387,2.6054918445343525,0.014,HH,HH
70.0,-0.1608023613339989,-0.0015337423312883436,0.32937342815583553,-3.7590931215458556,0.001,LH,LH
50.0,0.13530163220608404,-0.0015337423312883436,0.32937342815583553,0.500212259478766,0.346,LL,No significativo
70.0,0.01340301178664674,-0.0015337423312883436,0.1970205064011981,0.4227078561624694,0.371,LL,No significativo
91.42857142857143,-0.049673407085674096,-0.0015337423312883436,0.32937342815583553,-0.2571656539387754,0.461,HL,No significativo
100.0,-0.025864273997654154,-0.0015337423312883436,0.4948145803491324,-0.11602897970783115,0.468,HL,No significativo
100.0,0.523870953356001,-0.0015337423312883436,0.4948145803491324,1.227909223545531,0.124,HH,No significativo
125.0,0.46824112665538187,-0.0015337423312883436,0.24665285205918713,0.8245667099682787,0.193,HH,No significativo
80.0,0.09508716903722066,-0.0015337423312883436,0.4948145803491324,0.8825221219544472,0.189,HH,No significativo
100.0,1.2299528967460167,-0.0015337423312883436,0.32937342815583553,3.6528640292009094,0.001,HH,HH
50.0,0.009432630248444695,-0.0015337423312883436,0.24665285205918713,0.06408339418232264,0.465,LL,No significativo
70.0,0.02318812720362439,-0.0015337423312883436,0.24665285205918713,0.6607379584698012,0.276,LL,No significativo
200.0,3.452106770371282,-0.0015337423312883436,0.32937342815583553,2.1640329545630874,0.033,HH,HH
150.0,3.2503690722598493,-0.0015337423312883436,0.991138036929023,1.9784320635476438,0.047,HH,HH
100.0,-0.15396771229841416,-0.0015337423312883436,0.32937342815583553,-0.4950901691323058,0.343,HL,No significativo
70.0,0.004190039549972127,-0.0015337423312883436,0.32937342815583553,0.13421363978299738,0.499,LL,No significativo
100.0,-0.04099460135601164,-0.0015337423312883436,0.4948145803491324,-0.1453926554969058,0.478,HL,No significativo
70.0,0.005216963206926306,-0.0015337423312883436,0.24665285205918713,0.16551757051682664,0.481,LL,No significativo
60.0,0.07812427455808854,-0.0015337423312883434,0.1639322759625387,0.6758538048172876,0.273,LL,No significativo
43.333333333333336,0.26499728432210556,-0.0015337423312883436,0.1970205064011981,0.921416856053303,0.182,LL,No significativo
30.0,0.24772049523317433,-0.0015337423312883436,0.24665285205918713,0.5554259351421478,0.317,LL,No significativo
70.0,0.02832274548839527,-0.0015337423312883436,0.32937342815583553,0.7014343868804436,0.269,LL,No significativo
85.0,-0.07070820108081627,-0.0015337423312883436,0.4948145803491324,-0.44085465470335666,0.366,HL,No significativo
125.0,1.2116098364979768,-0.0015337423312883436,0.4948145803491324,1.4881862666336003,0.09,HH,No significativo
150.0,2.6696133915896043,-0.0015337423312883436,0.24665285205918713,3.201040722091614,0.006,HH,HH
150.0,3.2503690722598493,-0.0015337423312883436,0.32937342815583553,3.356309887974373,0.009,HH,HH
166.66666666666666,3.2503690722598497,-0.0015337423312883436,0.991138036929023,1.633284403800735,0.108,HH,No significativo
62.0,0.06932962827033508,-0.0015337423312883436,0.24665285205918713,0.5849619548663099,0.311,LL,No significativo
70.0,0.020620818061238954,-0.0015337423312883434,0.1639322759625387,0.703547270493228,0.259,LL,No significativo
50.0,0.23799756841095882,-0.0015337423312883432,0.14029782564921053,1.2423691898223286,0.086,LL,No significativo
60.0,0.19465333787082198,-0.0015337423312883436,0.1970205064011981,1.5015077961082943,0.046,LL,LL
50.0,0.053752701360289534,-0.0015337423312883436,0.32937342815583553,0.21985276641884202,0.475,LL,No significativo
150.0,1.5081020302491128,-0.0015337423312883436,0.32937342815583553,1.5305916342764718,0.081,HH,No significativo
100.0,0.9273463495788673,-0.0015337423312883436,0.1970205064011981,3.5605621133188396,0.004,HH,HH
150.0,3.105180152092288,-0.0015337423312883436,0.24665285205918713,3.6955210847286435,0.005,HH,HH
40.0,0.34078776499981644,-0.0015337423312883436,0.32937342815583553,0.8483012847417006,0.203,LL,No significativo
30.0,0.3981865161761131,-0.0015337423312883436,0.24665285205918713,0.8752949884845396,0.202,LL,No significativo
50.0,0.3196731280313586,-0.0015337423312883436,0.32937342815583553,1.121346126251638,0.112,LL,No significativo
30.0,0.32994236460090043,-0.0015337423312883436,0.32937342815583553,0.6402674600922821,0.296,LL,No significativo
23.75,0.41509804466980266,-0.0015337423312883436,0.4948145803491324,0.5922184425514365,0.306,LL,No significativo
50.0,0.19557692891819306,-0.0015337423312883436,0.4948145803491324,0.5905929678931757,0.315,LL,No significativo
125.0,1.2116098364979768,-0.0015337423312883436,0.4948145803491324,1.5041631489357592,0.088,HH,No significativo
200.0,3.452106770371282,-0.0015337423312883436,0.32937342815583553,2.153106340317547,0.032,HH,HH
150.0,3.5407469125949724,-0.0015337423312883436,0.4948145803491324,2.993114641789741,0.016,HH,HH
60.0,0.24386953151959617,-0.0015337423312883436,0.991138036929023,0.8634690909314091,0.206,LL,No significativo
60.833333333333336,0.21441459268730143,-0.0015337423312883436,0.24665285205918713,1.5907480116812982,0.025,LL,LL
60.0,0.23879569712281534,-0.0015337423312883436,0.4948145803491324,1.2044090821113265,0.075,LL,No significativo
33.333333333333336,0.24386953151959617,-0.0015337423312883436,0.991138036929023,0.2973683578638594,0.448,LL,No significativo
30.0,0.4560158976314138,-0.0015337423312883436,0.32937342815583553,0.8671387563462202,0.201,LL,No significativo
43.333333333333336,0.2940438262926462,-0.0015337423312883436,0.24665285205918713,0.9243217747600888,0.185,LL,No significativo
85.0,-0.17634696509336345,-0.0015337423312883436,0.4948145803491324,-1.0307711244779514,0.12,HL,No significativo
30.0,0.44505298171571694,-0.0015337423312883436,0.32937342815583553,0.844935607057658,0.209,LL,No significativo
18.333333333333332,0.8672879342483011,-0.0015337423312883436,0.4948145803491324,1.06993519289001,0.113,LL,No significativo
46.666666666666664,0.438153665104871,-0.0015337423312883436,0.1970205064011981,1.6968042338199454,0.017,LL,LL
70.0,0.05964391702549766,-0.0015337423312883436,0.1970205064011981,1.8172681477180126,0.009,LL,LL
40.0,0.4057459611126629,-0.0015337423312883436,0.4948145803491324,0.8326448499841913,0.199,LL,No significativo
50.0,0.3019450995866207,-0.0015337423312883436,0.32937342815583553,1.0547879390713464,0.134,LL,No significativo
17.5,1.1896745411452003,-0.0015337423312883436,0.24665285205918713,1.9814764828176163,0.003,LL,LL
20.0,0.70444876372684,-0.0015337423312883436,0.24665285205918713,1.238331170550544,0.085,LL,No significativo
23.333333333333332,0.695561449014075,-0.0015337423312883436,0.1970205064011981,1.4405342850055687,0.049,LL,LL
20.0,0.9907676985695767,-0.0015337423312883434,0.1639322759625387,2.123184301427925,0.003,LL,LL
38.0,0.7888288919565676,-0.0015337423312883436,0.24665285205918713,2.0682508494850977,0.002,LL,LL
60.0,0.16065864741239033,-0.0015337423312883436,0.991138036929023,0.5726556794673813,0.299,LL,No significativo
30.0,0.017499261003541204,-0.0015337423312883436,0.4948145803491324,0.06538312130373738,0.44,LL,No significativo
105.0,-0.4800476222443337,-0.0015337423312883436,0.4948145803491324,-1.0270975313446604,0.119,HL,No significativo
50.0,-0.33626392442394515,-0.0015337423312883436,0.991138036929023,-0.6624050894257466,0.185,LH,No significativo
70.0,0.012552132185170428,-0.0015337423312883436,0.32937342815583553,0.32025049734672884,0.427,LL,No significativo
95.71428571428571,-0.16979330324641978,-0.0015337423312883436,0.32937342815583553,-0.6294168167032792,0.296,HL,No significativo
78.0,0.027863665109031776,-0.0015337423312883436,0.24665285205918713,0.532254710412666,0.267,HH,No significativo
92.5,-0.03436780024001592,-0.0015337423312883436,0.1970205064011981,-0.1901064357976232,0.467,HL,No significativo
50.0,0.020069447315287443,-0.0015337423312883436,0.1970205064011981,0.09680331824569016,0.496,LL,No significativo
70.0,0.00624388686388048,-0.0015337423312883436,0.24665285205918713,0.19232738271690508,0.464,LL,No significativo
37.5,0.762569919709857,-0.0015337423312883436,0.1970205064011981,2.1951863479894116,0.002,LL,LL
30.0,0.8561623285543474,-0.0015337423312883436,0.24665285205918713,1.8360713533218709,0.006,LL,LL
30.0,0.8430068294555111,-0.0015337423312883432,0.14029782564921053,2.3537061403857478,0.002,LL,LL
30.0,0.916677624408994,-0.0015337423312883436,0.1970205064011981,2.184989231663968,0.002,LL,LL
47.0,0.3406778744732077,-0.0015337423312883436,0.4948145803491324,0.880638764788408,0.173,LL,No significativo
40.0,0.3551291849208345,-0.0015337423312883436,0.4948145803491324,0.7321172855379958,0.248,LL,No significativo
30.0,-0.060024215828886215,-0.0015337423312883436,0.24665285205918713,-0.10204893181794841,0.415,LH,No significativo
70.0,0.010718339940609398,-0.0015337423312883436,0.24665285205918713,0.3138115639395979,0.416,LL,No significativo
85.0,0.044394035541188294,-0.0015337423312883436,0.24665285205918713,0.3287130434111099,0.328,HH,No significativo
87.5,0.01387034032032644,-0.0015337423312883432,0.14029782564921053,0.10534441314992993,0.411,HH,No significativo
81.66666666666667,-0.01831333671273157,-0.0015337423312883432,0.14029782564921053,-0.27839162765426845,0.433,HL,No significativo
50.0,0.10567049894845064,-0.0015337423312883432,0.14029782564921053,0.5586722594409874,0.316,LL,No significativo
63.333333333333336,0.0317440818952299,-0.0015337423312883434,0.1639322759625387,0.3666733937957528,0.391,LL,No significativo
114.0,-0.017406797278623945,-0.0015337423312883434,0.1639322759625387,-0.05352716795297874,0.485,HL,No significativo
130.0,0.050121350128000994,-0.0015337423312883436,0.1970205064011981,0.08434755413547713,0.43,HH,No significativo
68.0,-0.03798058464524566,-0.0015337423312883436,0.32937342815583553,-0.5340036071204886,0.27,LH,No significativo
42.0,0.04834775679900172,-0.0015337423312883436,0.4948145803491324,0.14021373479912191,0.465,LL,No significativo
70.0,0.004190039549972127,-0.0015337423312883436,0.32937342815583553,0.12456005486095488,0.489,LL,No significativo
72.5,0.01481038408517572,-0.0015337423312883436,0.4948145803491324,1.1305329537363042,0.094,LL,No significativo
20.0,0.4464582040628897,-0.0015337423312883436,0.32937342815583553,0.6952932531257481,0.274,LL,No significativo
30.0,0.5971634400460102,-0.0015337423312883436,0.24665285205918713,1.2940467002742309,0.07,LL,No significativo
30.0,0.835606861212416,-0.0015337423312883436,0.24665285205918713,1.799104986004478,0.008,LL,LL
30.0,0.8287550387651056,-0.0015337423312883436,0.32937342815583553,1.5508072674854556,0.024,LL,LL
50.0,0.4437693271445243,-0.0015337423312883436,0.24665285205918713,1.7698049040778236,0.009,LL,LL
20.0,0.9185977903760013,-0.0015337423312883434,0.1639322759625387,1.9670144102927771,0.008,LL,LL
26.666666666666668,0.0011359323139828175,-0.0015337423312883436,0.1970205064011981,0.01744717230669331,0.47,LL,No significativo
30.0,-0.3376992146650355,-0.0015337423312883436,0.24665285205918713,-0.6860152180936759,0.224,LH,No significativo
70.0,0.051428527769864237,-0.0015337423312883436,0.991138036929023,0.7232635478900608,0.258,LL,No significativo
70.0,0.0360246729155516,-0.0015337423312883436,0.4948145803491324,0.7303155455003283,0.253,LL,No significativo
70.0,-0.015877760246340737,-0.0015337423312883434,0.1639322759625387,-0.5227987273287814,0.272,LH,No significativo
91.66666666666667,0.005271482643246548,-0.0015337423312883436,0.12257198791421446,0.032717839289330024,0.439,HH,No significativo
30.0,-0.18359193950724034,-0.0015337423312883432,0.14029782564921053,-0.4831345112021617,0.274,LH,No significativo
56.666666666666664,-0.012690411530649957,-0.0015337423312883434,0.1639322759625387,-0.07182193447364153,0.431,LH,No significativo
58.0,-0.051946100805095805,-0.0015337423312883432,0.14029782564921053,-0.38246525215565785,0.308,LH,No significativo
56.666666666666664,-0.08650402527186643,-0.0015337423312883432,0.14029782564921053,-0.5973915270764283,0.25,LH,No significativo
80.0,0.07904540740909005,-0.0015337423312883434,0.1639322759625387,1.3423223479554611,0.095,HH,No significativo
70.0,0.004446770464210673,-0.0015337423312883436,0.24665285205918713,0.15367010299526834,0.48,LL,No significativo
100.0,-0.059150994186040626,-0.0015337423312883436,0.24665285205918713,-0.2357143753800214,0.438,HL,No significativo
23.333333333333332,0.37589739587073123,-0.0015337423312883436,0.24665285205918713,0.7283363910318497,0.26,LL,No significativo
50.0,0.26826184554161864,-0.0015337423312883436,0.1970205064011981,1.2008609889380704,0.098,LL,No significativo
85.0,-0.21155988643087914,-0.0015337423312883436,0.32937342815583553,-1.4781332871428925,0.035,HL,HL
26.666666666666668,1.0281864269409757,-0.0015337423312883436,0.24665285205918713,2.066390697182908,0.002,LL,LL
46.666666666666664,0.5002684310899363,-0.0015337423312883436,0.32937342815583553,1.5204312824328199,0.03,LL,LL
240.0,-2.1258708822450285,-0.0015337423312883436,0.1970205064011981,-1.3362825281088122,0.069,HL,No significativo
45.0,-0.0602780729638681,-0.0015337423312883434,0.1639322759625387,-0.2197330979656607,0.364,LH,No significativo
30.0,0.5930523465776241,-0.0015337423312883436,0.24665285205918713,1.2918637718775492,0.063,LL,No significativo
100.0,0.011961544398239543,-0.0015337423312883436,0.24665285205918713,0.005108470961724926,0.449,HH,No significativo
60.0,-0.29874081554185256,-0.0015337423312883432,0.14029782564921053,-2.64841276439576,0.014,LH,LH
78.0,0.07398007011373321,-0.0015337423312883436,0.12257198791421446,2.0555329308145924,0.029,HH,HH
100.0,0.43914112014919904,-0.0015337423312883432,0.14029782564921053,1.956510295156681,0.042,HH,HH
90.0,-0.06193173010617535,-0.0015337423312883432,0.14029782564921053,-0.46689604957793224,0.351,HL,No significativo
75.0,-0.005517683514572675,-0.0015337423312883436,0.1970205064011981,-0.3677846445602642,0.39,HL,No significativo
70.0,0.009838119663220101,-0.0015337423312883436,0.24665285205918713,0.3026226473108099,0.415,LL,No significativo
73.33333333333333,-0.0006875843257184376,-0.0015337423312883436,0.24665285205918713,-1.1417700798965764,0.122,LH,No significativo
200.0,0.18887631539248503,-0.0015337423312883436,0.4948145803491324,0.06883336958004829,0.396,HH,No significativo
70.0,-0.017888819074542664,-0.0015337423312883436,0.4948145803491324,-0.3137063719983824,0.322,LH,No significativo
64.0,0.025132563519150684,-0.0015337423312883436,0.24665285205918713,0.2854245870756089,0.422,LL,No significativo
65.0,0.10498138564173794,-0.0015337423312883434,0.1639322759625387,1.4219653633394416,0.047,LL,LL
40.0,0.4122538323373266,-0.0015337423312883436,0.1970205064011981,1.2799244098265223,0.074,LL,No significativo
20.0,1.2153712446299567,-0.0015337423312883436,0.4948145803491324,1.5328613325386977,0.02,LL,LL
20.0,0.9995360051725345,-0.0015337423312883436,0.32937342815583553,1.5306498450388406,0.027,LL,LL
70.0,-0.040994601356011635,-0.0015337423312883436,0.1970205064011981,-1.2101649153081764,0.113,LH,No significativo
55.0,-0.053562115149109885,-0.0015337423312883436,0.12257198791421446,-0.36662710999601056,0.32,LH,No significativo
43.333333333333336,0.3470110498859852,-0.0015337423312883436,0.1970205064011981,1.1992841292943486,0.095,LL,No significativo
70.0,-0.05049364518283776,-0.0015337423312883436,0.1970205064011981,-1.4958986110040216,0.081,LH,No significativo
97.5,0.6547043965100855,-0.0015337423312883436,0.12257198791421446,3.5072094486470666,0.005,HH,HH
350.0,3.2512204499116852,-0.0015337423312883436,0.12257198791421446,1.5568087130188075,0.074,HH,No significativo
70.0,-0.08045781045896497,-0.0015337423312883432,0.14029782564921053,-2.809205373184154,0.011,LH,LH
58.0,-0.03656107137418271,-0.0015337423312883434,0.1639322759625387,-0.24224534822742733,0.356,LH,No significativo
66.66666666666667,-0.011043620417968405,-0.0015337423312883436,0.24665285205918713,-0.1163706838296976,0.409,LH,No significativo
55.0,0.1944619010286611,-0.0015337423312883436,0.1970205064011981,1.1053206493700736,0.124,LL,No significativo
50.0,0.23742773892523514,-0.0015337423312883436,0.12257198791421446,1.3239696369847658,0.066,LL,No significativo
42.857142857142854,0.26919610848903913,-0.0015337423312883436,0.1970205064011981,0.9261587110669486,0.184,LL,No significativo
50.0,0.4083132702550483,-0.0015337423312883436,0.4948145803491324,1.1793638231569734,0.084,LL,No significativo
50.0,0.3728572133655724,-0.0015337423312883436,0.32937342815583553,1.3061562227707895,0.06,LL,No significativo
100.0,-0.2528191843730164,-0.0015337423312883434,0.1639322759625387,-1.076175208001931,0.127,HL,No significativo
60.0,0.08295649779311792,-0.0015337423312883432,0.14029782564921053,0.7637135950317182,0.24,LL,No significativo
50.0,0.25319302136359134,-0.0015337423312883436,0.24665285205918713,1.039294373402036,0.142,LL,No significativo
88.33333333333333,0.19791189189372121,-0.0015337423312883436,0.24665285205918713,1.1978298594514376,0.112,HH,No significativo
185.0,3.0149297769203254,-0.0015337423312883434,0.1639322759625387,3.0183091840580523,0.008,HH,HH
133.33333333333334,1.5630330737021878,-0.0015337423312883432,0.14029782564921053,3.102359938936394,0.006,HH,HH
70.0,-0.09075761023258276,-0.0015337423312883434,0.1639322759625387,-2.969894255554487,0.009,LH,LH
85.0,0.06504161214364071,-0.0015337423312883436,0.24665285205918713,0.4915401860798862,0.276,HH,No significativo
93.63636363636364,0.007182613179537928,-0.0015337423312883436,0.32937342815583553,-0.001970606287206592,0.437,HH,No significativo
26.666666666666668,0.29862642041283594,-0.0015337423312883436,0.1970205064011981,0.6719815523824711,0.266,LL,No significativo
45.0,0.2919545028896836,-0.0015337423312883436,0.12257198791421446,1.3381554895548688,0.064,LL,No significativo
70.0,0.05176472301470043,-0.0015337423312883434,0.1639322759625387,1.716100500621358,0.02,LL,LL
50.0,0.3019450995866207,-0.0015337423312883436,0.32937342815583553,1.056803582071027,0.127,LL,No significativo
35.0,0.5829046777840623,-0.0015337423312883436,0.24665285205918713,1.4346070209574364,0.039,LL,LL
30.0,0.44505298171571694,-0.0015337423312883434,0.1639322759625387,1.1620370128552602,0.104,LL,No significativo
60.0,0.15254051237754096,-0.0015337423312883434,0.1639322759625387,1.2875325513338756,0.071,LL,No significativo
40.0,0.20327885634534937,-0.0015337423312883436,0.1970205064011981,0.6392857339817022,0.276,LL,No significativo
57.5,-0.43516017551776076,-0.0015337423312883434,0.1639322759625387,-3.038038637594618,0.008,LH,LH
85.0,0.16521837188053917,-0.0015337423312883436,0.1970205064011981,1.4434002716949506,0.091,HH,No significativo
97.5,0.10680096655706683,-0.0015337423312883436,0.24665285205918713,0.3846767622850047,0.306,HH,No significativo
105.0,0.25684382908515785,-0.0015337423312883436,0.4948145803491324,0.5157839862061128,0.256,HH,No significativo
77.5,-0.0012338105949044108,-0.0015337423312883436,0.1970205064011981,-0.042426991411359354,0.47,HL,No significativo
60.0,0.04562098390719548,-0.0015337423312883436,0.1970205064011981,0.36134118948263244,0.39,LL,No significativo
150.0,-1.1291509982230918,-0.0015337423312883436,0.4948145803491324,-0.9872048282743487,0.147,HL,No significativo
83.33333333333333,-0.12276418802551337,-0.0015337423312883436,0.24665285205918713,-1.1653888306374767,0.102,HL,No significativo
63.333333333333336,0.13143247961897706,-0.0015337423312883432,0.14029782564921053,1.5808971852942835,0.028,LL,LL
15.0,0.798086760487323,-0.0015337423312883432,0.14029782564921053,1.6549376454532179,0.02,LL,LL
22.5,0.9029048975168888,-0.0015337423312883436,0.24665285205918713,1.6730887804279422,0.016,LL,LL
30.0,0.6834964028821227,-0.0015337423312883436,0.24665285205918713,1.4876861475745475,0.033,LL,LL
30.0,0.6588298420718048,-0.0015337423312883436,0.24665285205918713,1.4349059020230737,0.039,LL,LL
150.0,-0.3793539319291854,-0.0015337423312883436,0.1970205064011981,-0.5150088378491202,0.321,HL,No significativo
95.0,0.1612624571496125,-0.0015337423312883434,0.1639322759625387,0.8197718585361446,0.196,HH,No significativo
150.0,-0.052678861552172225,-0.0015337423312883434,0.1639322759625387,-0.0829111980055442,0.481,HL,No significativo
72.5,-0.007608127221696762,-0.0015337423312883436,0.1970205064011981,-0.8675826033964384,0.182,LH,No significativo
82.0,0.005742128483069305,-0.0015337423312883434,0.1639322759625387,0.05798109591827573,0.427,HH,No significativo
43.0,0.14431072003067177,-0.0015337423312883432,0.14029782564921053,0.5904799970421903,0.305,LL,No significativo
33.333333333333336,0.3880999688014213,-0.0015337423312883434,0.1639322759625387,1.1028881957785486,0.118,LL,No significativo
45.714285714285715,0.0961170477202671,-0.0015337423312883436,0.1970205064011981,0.3739152414903672,0.384,LL,No significativo
36.25,-0.25647785398522743,-0.0015337423312883436,0.32937342815583553,-0.5161675308173159,0.27,LH,No significativo
50.0,0.276830392623242,-0.0015337423312883434,0.1639322759625387,1.3405570959486426,0.064,LL,No significativo
22.5,0.7699623015401706,-0.0015337423312883432,0.14029782564921053,1.8314094560198668,0.013,LL,LL
30.0,0.9466063848588464,-0.0015337423312883436,0.24665285205918713,2.052478958110427,0.003,LL,LL
106.66666666666667,-0.41790122157889936,-0.0015337423312883436,0.32937342815583553,-1.0202614936280905,0.136,HL,No significativo
50.0,-0.8016246710983161,-0.0015337423312883436,0.24665285205918713,-3.1473541481199034,0.008,LH,LH
60.0,-0.2939569145391735,-0.0015337423312883434,0.1639322759625387,-2.4305373303053908,0.018,LH,LH
50.0,-0.41160804531408135,-0.0015337423312883432,0.14029782564921053,-2.079237990607568,0.032,LH,LH
71.25,-0.004641506579810771,-0.0015337423312883434,0.1639322759625387,-0.2264686909970423,0.367,LH,No significativo
57.5,0.16666235421486042,-0.0015337423312883436,0.4948145803491324,0.7150739543728397,0.252,LL,No significativo
120.0,0.790359223304661,-0.0015337423312883436,0.24665285205918713,1.5437708780267532,0.072,HH,No significativo
94.0,0.1306847896151906,-0.0015337423312883432,0.14029782564921053,0.7369838488314645,0.223,HH,No significativo
54.61538461538461,0.062477432637247254,-0.0015337423312883436,0.12257198791421446,0.43610191870194126,0.364,LL,No significativo
39.166666666666664,0.24814292786014275,-0.0015337423312883436,0.12257198791421446,0.943766085956478,0.173,LL,No significativo
70.0,0.03028701910420391,-0.0015337423312883434,0.1639322759625387,1.010963687396755,0.143,LL,No significativo
58.333333333333336,0.2556885168545632,-0.0015337423312883436,0.24665285205918713,1.5944568953334946,0.024,LL,LL
41.666666666666664,0.5081206197031956,-0.0015337423312883436,0.1970205064011981,1.6539809255584534,0.021,LL,LL
30.0,0.5601635988305336,-0.0015337423312883436,0.4948145803491324,0.8794445188436913,0.178,LL,No significativo
60.0,0.12615657351428053,-0.0015337423312883436,0.24665285205918713,0.8970097747079604,0.201,LL,No significativo
34.0,0.23981046400217146,-0.0015337423312883436,0.1970205064011981,0.6402918608970095,0.27,LL,No significativo
43.333333333333336,0.2984102999222046,-0.0015337423312883434,0.1639322759625387,1.1254581621043627,0.114,LL,No significativo
36.666666666666664,0.4395751491878095,-0.0015337423312883436,0.1970205064011981,1.2422514837258243,0.082,LL,No significativo
58.0,0.17672986732831736,-0.0015337423312883436,0.1970205064011981,1.1900387209628454,0.104,LL,No significativo
50.0,0.22216897158529994,-0.0015337423312883436,0.24665285205918713,0.9032029837441725,0.199,LL,No significativo
40.0,0.20327885634534937,-0.0015337423312883436,0.4948145803491324,0.4323652508450759,0.384,LL,No significativo
200.0,1.028678270717911,-0.0015337423312883436,0.24665285205918713,0.7394724630922901,0.219,HH,No significativo
185.0,0.6402981701052888,-0.0015337423312883436,0.1970205064011981,0.582927330433652,0.251,HH,No significativo
73.33333333333333,0.00026838703646780927,-0.0015337423312883436,0.24665285205918713,0.4878441929268154,0.344,LL,No significativo
28.142857142857142,-0.043914153207670364,-0.0015337423312883436,0.24665285205918713,-0.06378073478128211,0.432,LH,No significativo
150.0,1.4558340189887906,-0.0015337423312883436,0.24665285205918713,1.7449516857451826,0.053,HH,No significativo
116.66666666666667,0.5029244971041732,-0.0015337423312883434,0.1639322759625387,1.2919202271780001,0.1,HH,No significativo
45.0,-0.09793493743693868,-0.0015337423312883434,0.1639322759625387,-0.3656620867593445,0.322,LH,No significativo
75.38461538461539,-0.004656192261844381,-0.0015337423312883432,0.14029782564921053,-0.2991352491080577,0.415,HL,No significativo
92.5,-0.013349568467795891,-0.0015337423312883434,0.1639322759625387,-0.0985056324621373,0.495,HL,No significativo
30.0,0.5930523465776241,-0.0015337423312883436,0.32937342815583553,1.1175379167779826,0.1,LL,No significativo
30.0,0.8035403321590029,-0.0015337423312883436,0.24665285205918713,1.7435606125546514,0.011,LL,LL
40.0,0.4209309939702113,-0.0015337423312883434,0.1639322759625387,1.4402471569380835,0.046,LL,LL
50.0,0.3510770641334658,-0.0015337423312883432,0.14029782564921053,1.8187302763785538,0.017,LL,LL
42.0,0.4018335969748031,-0.0015337423312883432,0.14029782564921053,1.5549808256532227,0.031,LL,LL
42.0,0.36557863900805426,-0.0015337423312883434,0.1639322759625387,1.3314824308800373,0.071,LL,No significativo
70.0,0.045266985828139185,-0.0015337423312883436,0.1970205064011981,1.3889381145706503,0.059,LL,No significativo
70.0,-0.18348025875840362,-0.0015337423312883436,0.4948145803491324,-3.5370969866763646,0.005,LH,LH
100.0,-0.27414574103051076,-0.0015337423312883436,0.4948145803491324,-0.7176511961266578,0.248,HL,No significativo
130.0,1.3779067709069546,-0.0015337423312883436,0.1970205064011981,2.4922622305672517,0.02,HH,HH
106.0,-0.24303972566714674,-0.0015337423312883434,0.1639322759625387,-0.8570282182297669,0.207,HL,No significativo
70.55555555555556,0.01494687138502388,-0.0015337423312883432,0.14029782564921053,0.653180073706769,0.274,LL,No significativo
70.0,0.021919754234469683,-0.0015337423312883436,0.24665285205918713,0.6274801195678082,0.295,LL,No significativo
30.0,0.8726067024278927,-0.0015337423312883436,0.24665285205918713,1.8970510853752283,0.006,LL,LL
30.0,0.8232735808072571,-0.0015337423312883434,0.1639322759625387,2.1620234025302945,0.004,LL,LL
36.666666666666664,0.7041948761586945,-0.0015337423312883434,0.1639322759625387,2.1842927794641582,0.004,LL,LL
34.0,0.6100323521962588,-0.0015337423312883436,0.1970205064011981,1.6140768312701608,0.027,LL,LL
30.0,0.04490655079278325,-0.0015337423312883434,0.1639322759625387,0.1413913870115792,0.486,LL,No significativo
56.666666666666664,-0.007198147548269966,-0.0015337423312883432,0.14029782564921053,-0.031097813931480877,0.435,LH,No significativo
30.0,-0.01045617458148564,-0.0015337423312883436,0.24665285205918713,0.008820888882615325,0.461,LH,No significativo
108.33333333333333,0.3912132208757361,-0.0015337423312883436,0.1970205064011981,1.1466879893284931,0.129,HH,No significativo
177.5,0.25659441690906,-0.0015337423312883434,0.1639322759625387,0.26567507545910446,0.357,HH,No significativo
82.0,0.027865808747615302,-0.0015337423312883436,0.1970205064011981,0.31440482669614256,0.334,HH,No significativo
15.0,0.42132079638965086,-0.0015337423312883434,0.1639322759625387,0.845098538333247,0.215,LL,No significativo
43.57142857142857,0.28506849156785824,-0.0015337423312883432,0.14029782564921053,1.1721446180003214,0.102,LL,No significativo
30.0,0.3918045329823325,-0.0015337423312883436,0.24665285205918713,0.8790186017323917,0.203,LL,No significativo
50.0,-0.7262805502081798,-0.0015337423312883436,0.4948145803491324,-2.002387687077394,0.046,LH,LH
30.0,0.4009820597346158,-0.0015337423312883436,0.1970205064011981,0.9817944401507523,0.168,LL,No significativo
26.666666666666668,0.7259738676024583,-0.0015337423312883434,0.1639322759625387,1.777725013025433,0.017,LL,LL
36.666666666666664,0.5979572929252922,-0.0015337423312883432,0.14029782564921053,1.9750173513548797,0.007,LL,LL
30.0,0.6413988057658471,-0.0015337423312883436,0.1970205064011981,1.5533369440202105,0.036,LL,LL
63.333333333333336,0.1272845422837662,-0.0015337423312883436,0.1970205064011981,1.3309388023901996,0.074,LL,No significativo
100.0,-0.16607197418510014,-0.0015337423312883436,0.1970205064011981,-0.665784977395548,0.26,HL,No significativo
116.66666666666667,-0.05436480431870214,-0.0015337423312883434,0.1639322759625387,-0.1665501911905809,0.48,HL,No significativo
141.66666666666666,-0.42349273031557033,-0.0015337423312883436,0.1970205064011981,-0.6581350767562798,0.264,HL,No significativo
51.42857142857143,0.2173960162315799,-0.0015337423312883436,0.32937342815583553,0.8269201611988365,0.215,LL,No significativo
27.857142857142858,0.5641637336721628,-0.0015337423312883436,0.1970205064011981,1.3056847007605998,0.076,LL,No significativo
28.0,0.7959531482714041,-0.0015337423312883436,0.1970205064011981,1.8370103462515073,0.011,LL,LL
30.0,0.6646088648902222,-0.0015337423312883436,0.1970205064011981,1.6076464939251254,0.029,LL,LL
60.0,0.042438305967396596,-0.0015337423312883436,0.1970205064011981,0.35061694548760336,0.398,LL,No significativo
107.5,0.15561777587693412,-0.0015337423312883436,0.1970205064011981,0.4515091301515049,0.298,HH,No significativo
15.0,-0.48248194985620985,-0.0015337423312883434,0.1639322759625387,-0.8955544749260818,0.187,LH,No significativo
30.0,-0.09267804394921177,-0.0015337423312883434,0.1639322759625387,-0.20968391622772567,0.383,LH,No significativo
50.0,0.1991225346071406,-0.0015337423312883432,0.14029782564921053,1.0422691752147875,0.146,LL,No significativo
45.0,0.29067365715930704,-0.0015337423312883434,0.1639322759625387,1.176060904438784,0.102,LL,No significativo
30.0,0.6578901635647452,-0.0015337423312883436,0.1970205064011981,1.5837998037997931,0.03,LL,LL
133.33333333333334,0.5107936481598583,-0.0015337423312883436,0.32937342815583553,0.6376136204316994,0.233,HH,No significativo
150.0,0.5845245114135225,-0.0015337423312883436,0.1970205064011981,0.7735407099690184,0.211,HH,No significativo
106.66666666666667,0.12232430734937617,-0.0015337423312883436,0.24665285205918713,0.3146433394105595,0.34,HH,No significativo
72.0,0.011885165905885191,-0.0015337423312883434,0.1639322759625387,0.9834130789325005,0.155,LL,No significativo
33.75,0.4917168883037002,-0.0015337423312883434,0.1639322759625387,1.4174597486052687,0.056,LL,No significativo
31.666666666666668,-0.13694317665316932,-0.0015337423312883432,0.14029782564921053,-0.3598935186429214,0.322,LH,No significativo
63.75,0.01327900807850657,-0.0015337423312883434,0.1639322759625387,0.1812479236263844,0.469,LL,No significativo
65.0,0.09458537749125163,-0.0015337423312883436,0.1970205064011981,1.1835417896074552,0.114,LL,No significativo
62.0,0.16757569685398283,-0.0015337423312883436,0.12257198791421446,1.9259250045249878,0.012,LL,LL
24.285714285714285,0.8632444509814644,-0.0015337423312883436,0.12257198791421446,2.299896239037756,0.003,LL,LL
30.0,0.7467191474352349,-0.0015337423312883436,0.12257198791421446,2.250828094206542,0.003,LL,LL
56.25,0.20393141368922763,-0.0015337423312883434,0.1639322759625387,1.3584073161638257,0.068,LL,No significativo
44.0,0.05863273236940536,-0.0015337423312883436,0.1970205064011981,0.22733313850955889,0.437,LL,No significativo
100.0,-0.04848771585729339,-0.0015337423312883432,0.14029782564921053,-0.24229669468712722,0.438,HL,No significativo
66.66666666666667,-0.017665944818579176,-0.0015337423312883434,0.1639322759625387,-0.26878441930136215,0.366,LH,No significativo
76.36363636363636,0.060102451369681065,-0.0015337423312883436,0.32937342815583553,1.557076335404325,0.072,HH,No significativo
84.44444444444444,0.06299604102771475,-0.0015337423312883434,0.1639322759625387,0.6135331850134843,0.247,HH,No significativo
61.42857142857143,0.010545642287970178,-0.0015337423312883432,0.14029782564921053,0.13256969502502175,0.487,LL,No significativo
72.5,0.005088813607704207,-0.0015337423312883434,0.1639322759625387,0.6678702868640866,0.274,LL,No significativo
100.0,-0.34280860756629483,-0.0015337423312883434,0.1639322759625387,-1.4663583818597319,0.042,HL,HL
21.666666666666668,0.5966942833340982,-0.0015337423312883436,0.24665285205918713,1.100503169386675,0.124,LL,No significativo
25.0,0.9731680355819581,-0.0015337423312883436,0.24665285205918713,1.8953626556226442,0.006,LL,LL
30.0,0.7431072581737241,-0.0015337423312883436,0.24665285205918713,1.618477121184813,0.022,LL,LL
55.0,0.25610701434992944,-0.0015337423312883436,0.1970205064011981,1.457740539942275,0.054,LL,No significativo
57.142857142857146,0.22742484288984413,-0.0015337423312883436,0.24665285205918713,1.32447172921961,0.075,LL,No significativo
20.0,0.314210942386411,-0.0015337423312883436,0.4948145803491324,0.43127318958985694,0.382,LL,No significativo
30.0,0.8150513938704844,-0.0015337423312883436,0.4948145803491324,1.2871944820442316,0.068,LL,No significativo
50.0,0.270330115526838,-0.0015337423312883434,0.1639322759625387,1.3138634054197036,0.079,LL,No significativo
51.666666666666664,0.32370536090480484,-0.0015337423312883436,0.12257198791421446,1.9386911678016645,0.011,LL,LL
30.0,0.8254465873548327,-0.0015337423312883436,0.12257198791421446,2.478257500464973,0.003,LL,LL
18.333333333333332,0.9845488089084683,-0.0015337423312883436,0.12257198791421446,2.332017001502567,0.003,LL,LL
37.5,0.6197516601641387,-0.0015337423312883436,0.1970205064011981,1.8027952391396476,0.011,LL,LL
150.0,0.14913373748073816,-0.0015337423312883436,0.24665285205918713,0.15789669012189367,0.398,HH,No significativo
100.0,0.3893791546150456,-0.0015337423312883436,0.32937342815583553,1.1177035365437569,0.138,HH,No significativo
70.0,-0.026609890433979273,-0.0015337423312883436,0.1970205064011981,-0.7896708452418393,0.207,LH,No significativo
66.66666666666667,-0.01677649953888788,-0.0015337423312883434,0.1639322759625387,-0.2559098416310759,0.365,LH,No significativo
60.714285714285715,0.03659281173956651,-0.0015337423312883432,0.14029782564921053,0.3671121532747245,0.386,LL,No significativo
37.142857142857146,0.13469531623023062,-0.0015337423312883436,0.12257198791421446,0.4889224075775176,0.344,LL,No significativo
33.333333333333336,0.23862847869397555,-0.0015337423312883434,0.1639322759625387,0.6871709276456377,0.267,LL,No significativo
31.25,0.8503410773905389,-0.0015337423312883436,0.1970205064011981,2.09150418857913,0.004,LL,LL
26.666666666666668,0.9042320568997869,-0.0015337423312883436,0.32937342815583553,1.5808350467596686,0.019,LL,LL
37.5,0.6310864426677671,-0.0015337423312883434,0.1639322759625387,1.9809054581387517,0.007,LL,LL
50.0,0.38172122758794147,-0.0015337423312883436,0.1970205064011981,1.692235425686257,0.016,LL,LL
21.666666666666668,0.877865263217232,-0.0015337423312883432,0.14029782564921053,2.0421798973987446,0.007,LL,LL
22.0,1.0986915478902868,-0.0015337423312883432,0.14029782564921053,2.5657058936595756,0.001,LL,LL
22.5,1.0717351061899127,-0.0015337423312883436,0.12257198791421446,2.7321798969016755,0.001,LL,LL
50.0,0.5359550750571616,-0.0015337423312883436,0.1970205064011981,2.3687561403226467,0.001,LL,LL
92.5,0.46213239939626094,-0.0015337423312883436,0.24665285205918713,2.2034387888890414,0.027,HH,HH
133.33333333333334,0.900234364321038,-0.0015337423312883436,0.1970205064011981,1.5325058199208847,0.079,HH,No significativo
63.333333333333336,-0.03197193714498458,-0.0015337423312883434,0.1639322759625387,-0.3329730749759662,0.332,LH,No significativo
83.75,-0.025935248044497955,-0.0015337423312883432,0.14029782564921053,-0.3173534935156329,0.407,HL,No significativo
46.666666666666664,0.09212185250056927,-0.0015337423312883436,0.24665285205918713,0.3411646027124673,0.406,LL,No significativo
11.75,1.4896231054313371,-0.0015337423312883436,0.1970205064011981,2.495726314300985,0.001,LL,LL
23.333333333333332,1.2457251013082569,-0.0015337423312883436,0.24665285205918713,2.3062424980669145,0.001,LL,LL
25.0,0.9089799123297706,-0.0015337423312883436,0.4948145803491324,1.2719459532405661,0.07,LL,No significativo
26.666666666666668,0.7988708423647765,-0.0015337423312883436,0.24665285205918713,1.5923239478974087,0.024,LL,LL
22.142857142857142,0.4693250948277911,-0.0015337423312883434,0.1639322759625387,1.0385946344025152,0.139,LL,No significativo
18.333333333333332,0.514137293345213,-0.0015337423312883432,0.14029782564921053,1.1300626698841671,0.128,LL,No significativo
18.333333333333332,0.7368738696437301,-0.0015337423312883436,0.24665285205918713,1.2524271076972984,0.089,LL,No significativo
164.28571428571428,1.987821934295761,-0.0015337423312883436,0.32937342815583553,1.6821433615273,0.062,HH,No significativo
138.57142857142858,1.679609809444088,-0.0015337423312883436,0.32937342815583553,1.986529883127832,0.04,HH,HH
125.0,0.3009831669407981,-0.0015337423312883436,0.24665285205918713,0.5164155518238203,0.283,HH,No significativo
109.0,0.1381639977801008,-0.0015337423312883434,0.1639322759625387,0.42013510145274674,0.303,HH,No significativo
15.0,1.6600363791718955,-0.0015337423312883436,0.4948145803491324,1.9070852249498886,0.001,LL,LL
10.0,1.598585319289776,-0.0015337423312883436,0.24665285205918713,2.342078335269096,0.001,LL,LL
21.666666666666668,1.3728040658287175,-0.0015337423312883436,0.32937342815583553,2.1317559944027518,0.001,LL,LL
34.0,0.3890934834352711,-0.0015337423312883436,0.4948145803491324,0.6883783780819654,0.27,LL,No significativo
150.0,-0.07030894471537623,-0.0015337423312883436,0.24665285205918713,-0.10033355271548045,0.49,HL,No significativo
85.0,-0.0400645754882877,-0.0015337423312883434,0.1639322759625387,-0.39833880839523417,0.377,HL,No significativo
88.75,0.263521771275127,-0.0015337423312883436,0.1970205064011981,1.7405920760334102,0.057,HH,No significativo
84.0,0.14318777075334035,-0.0015337423312883436,0.1970205064011981,1.3652884164650527,0.102,HH,No significativo
76.66666666666667,-0.05875557486402801,-0.0015337423312883436,0.991138036929023,-0.8502604152040845,0.195,HL,No significativo
160.0,1.1567212491807584,-0.0015337423312883436,0.24665285205918713,1.2149001238891353,0.11,HH,No significativo
26.0,-1.2560790649138527,-0.0015337423312883436,0.32937342815583553,-2.034598437931653,0.039,LH,LH
121.42857142857143,1.7784287646135903,-0.0015337423312883436,0.4948145803491324,2.3844811893927833,0.027,HH,HH
185.55555555555554,2.1557682250525367,-0.0015337423312883436,0.24665285205918713,1.7476586999956096,0.055,HH,No significativo
87.14285714285714,0.4629982619407795,-0.0015337423312883436,0.24665285205918713,3.06572734579387,0.008,HH,HH
150.0,1.238534601804674,-0.0015337423312883434,0.1639322759625387,1.78445790864296,0.053,HH,No significativo
87.5,0.18557838028745302,-0.0015337423312883432,0.14029782564921053,1.5452415563106365,0.077,HH,No significativo
80.0,0.03182247161628064,-0.0015337423312883436,0.1970205064011981,0.4765532320419398,0.285,HH,No significativo
85.0,-0.028452695475797384,-0.0015337423312883436,0.32937342815583553,-0.23220445868348819,0.459,HL,No significativo
54.0,0.020065874584314903,-0.0015337423312883436,0.32937342815583553,0.12242648790241968,0.491,LL,No significativo
65.0,0.04173950728889613,-0.0015337423312883436,0.32937342815583553,0.4309452079166233,0.384,LL,No significativo
150.0,2.0540123700791435,-0.0015337423312883436,0.24665285205918713,2.4482168733937173,0.019,HH,HH
124.0,1.3269857068498327,-0.0015337423312883436,0.24665285205918713,2.387404345839009,0.02,HH,HH
130.0,1.6295921410906216,-0.0015337423312883436,0.24665285205918713,2.6231721295540087,0.016,HH,HH
150.0,1.9478170456137276,-0.0015337423312883436,0.24665285205918713,2.319235591230508,0.023,HH,HH
150.0,1.4122773429385223,-0.0015337423312883436,0.1970205064011981,1.874741708369179,0.043,HH,HH
93.33333333333333,0.2811286923646874,-0.0015337423312883434,0.1639322759625387,1.5400639730015286,0.077,HH,No significativo
70.0,-0.020841224588285925,-0.0015337423312883436,0.1970205064011981,-0.6078774999569043,0.242,LH,No significativo
63.333333333333336,0.047493905197780406,-0.0015337423312883436,0.32937342815583553,0.41492881986557945,0.384,LL,No significativo
70.0,0.014202545205275348,-0.0015337423312883436,0.4948145803491324,0.30931894576240754,0.449,LL,No significativo
300.0,1.6550395346288658,-0.0015337423312883436,0.32937342815583553,0.5580128358879851,0.258,HH,No significativo
43.333333333333336,-0.8934471542676934,-0.0015337423312883436,0.24665285205918713,-2.685655112331351,0.017,LH,LH
30.0,0.28060924298026474,-0.0015337423312883436,0.4948145803491324,0.45359101327332135,0.365,LL,No significativo
88.75,0.28844392281076686,-0.0015337423312883436,0.1970205064011981,1.8900209507306043,0.04,HH,HH
75.0,0.03746214476439098,-0.0015337423312883436,0.32937342815583553,1.7795600253650037,0.054,HH,No significativo
110.0,0.7658176291108927,-0.0015337423312883436,0.4948145803491324,1.3742504597491947,0.097,HH,No significativo
150.0,0.9055680115537329,-0.0015337423312883436,0.4948145803491324,0.7710436591680214,0.218,HH,No significativo
